{"iso_threshold": -0.5594678020677581, "ocsvm_threshold": 0.46465477043316145}